IT-1007,MD Tomato Sauce Bottle 400g,190,450.0,N/A
IT-2018,Vim Dishwash Liquid 500ml,1200,500.0,N/A
IT-7030,Samaposha Cereal Packet 200g,420,185.0,N/A
IT-8020,Ma's Turmeric Powder 50g,520,300.0,N/A
IT-1025,Kellogg's Corn Flakes 300g,110,600.0,N/A
IT-1002,KottuMee Packet,120,130.0,N/A
IT-6001,Harischandra Noodles 80g,850,120.0,N/A
IT-4020,Pelwatte Cheese Slices (10 pack),55,600.0, N/A
IT-8005,CIC Rice Basmati 1Kg,95,700.0,N/A
IT-7015,Cargill's Fine Sugar 1Kg,640,220.0,N/A
IT-2011,Elephant House Orange Barley 1L,75,400.0,N/A
IT-4035,Anchor Butter 200g,150,950.0,N/A
IT-6015,Prima Noodle Cup Chicken Flavor,1280,350.0,2025-11-19 01:14:58
IT-1030,Lipton Yellow Label Tea Bags (100 pack),330,800.0, N/A
IT-9007,Elephant House Ice Cream Tub 2L (Vanilla),50,1500.0,2025-11-19 01:14:58
IT-3005,Sunlight Soap 100g,3230,110.0,2025-11-19 01:09:58
IT-5029,Maliban Lemon Puff 150g,340,180.0,2025-11-19 01:13:10
IT-3008,Nescafe Classic Coffee Jar 50g,400,1000.0,2025-11-19 01:14:58
IT-2008,Gillette Razor Mach 3 (1 unit),80,350.0,N/A
IT-8011,Harischandra White Rice 5kg,210,1000.0,N/A
IT-6010,MD Canned Fish 425g,175,650.0,N/A
IT-2004,Coca-Cola 1.5L,90,450.0,2025-11-19 01:09:58
IT-1014,CRISCO Cooking Oil 1L,230,850.0,N/A
IT-4010,Anchor Milk Powder 400g,550,1200.0,N/A
IT-5022,Munchee Biscuits Cream Cracker 500g,150,480.0,N/A
IT-7001,Dettol Hand Wash 250ml,600,700.0,N/A
IT-2001,Clear Shampoo Anti-Dandruff 180ml,160,1200.0,N/A
IT-9003,Kandos Chocolate Slab 100g,945,400.0,N/A
IT-5001,Maliban Gold Marie 125g,1050,150.0,N/A
IT-4012,Highland Yoghurt Cup 80g,1100,110.0,N/A
IT-1010,Prima Wheat Flour 1Kg,710,250.0,N/A
IT-3022,Fanta Orange 500ml,450,250.0,N/A
IT-2010,Pears Baby Lotion 100ml,1000,450.0,2025-11-19 01:14:58
IT-6004,Maggie Chicken Stock Cube (12 pack),305,280.0,N/A
IT-5015,Munchee Chocolate Cream Biscuits 200g,380,250.0,N/A
IT-9018,CBL Revello Chocolate Bar 50g,680,180.0,N/A
IT-3015,Pepsi Can 330ml,20,200.0,N/A
IT-4005,Anchor Full Cream Milk 1L (UHT),70,600.0,2025-11-19 01:14:58
